{
    "kernel": [
        [
            [
                [  0.201114,  0.016597 ],
                [ -0.090682, -0.219471 ],
                [ -0.180852,  0.162495 ],
                [  0.055216,  0.398563 ],
                [ -0.416920, -0.073573 ],
                [  0.291284, -0.365369 ],
                [  0.437182,  0.252665 ],
                [ -0.326750, -0.455539 ]
            ]
        ]
    ],
    "size": {
        "depth": 1,
        "height": 1,
        "width": 8
    }
}
