{
    "kernel": [
        [
            [
                [
                    -0.41692,
                    -0.0735727
                ],
                [
                    0.201114,
                    0.0165974
                ],
                [
                    -0.0906823,
                    -0.219471
                ],
                [
                    0.437182,
                    0.252665
                ],
                [
                    -0.180852,
                    0.162495
                ],
                [
                    0.291284,
                    -0.365369
                ],
                [
                    0.0552157,
                    0.398563
                ],
                [
                    -0.32675,
                    -0.455539
                ]
            ]
        ]
    ],
    "size": {
        "depth": 1,
        "height": 1,
        "width": 8
    }
}
